{
  "avgCompute": 7.024702000000006,
  "avgSync": 0,
  "totalFPS": 142.26455003572264
}